{
  "meta": {
    "generated_at": "2026-02-04T21:50:39.573339+00:00",
    "total_closings": 49,
    "by_status": {
      "CLOSED": 45,
      "REMOTE": 3,
      "DELAYED": 1
    },
    "by_region": {
      "West Tennessee": 20,
      "Middle Tennessee": 12,
      "Other": 5,
      "East Tennessee": 12
    },
    "sources": [
      "NewsChannel 5",
      "Action News 5",
      "WVLT"
    ]
  },
  "closings": [
    {
      "name": "Benton",
      "status": "CLOSED",
      "status_detail": "CLOSED REST OF THE WEEK",
      "region": "West Tennessee",
      "source": "NewsChannel 5"
    },
    {
      "name": "Cheatham",
      "status": "CLOSED",
      "status_detail": "CLOSED",
      "region": "Middle Tennessee",
      "source": "NewsChannel 5"
    },
    {
      "name": "Clay",
      "status": "CLOSED",
      "status_detail": "CLOSED",
      "region": "Middle Tennessee",
      "source": "NewsChannel 5"
    },
    {
      "name": "Dickson",
      "status": "CLOSED",
      "status_detail": "Closed Thursday and Friday",
      "region": "Middle Tennessee",
      "source": "NewsChannel 5"
    },
    {
      "name": "Houston",
      "status": "CLOSED",
      "status_detail": "CLOSED REST OF THE WEEK",
      "region": "Middle Tennessee",
      "source": "NewsChannel 5"
    },
    {
      "name": "Jackson",
      "status": "CLOSED",
      "status_detail": "CLOSED WED, THU & FRI",
      "region": "Middle Tennessee",
      "source": "NewsChannel 5"
    },
    {
      "name": "Macon",
      "status": "CLOSED",
      "status_detail": "CLOSED",
      "region": "Middle Tennessee",
      "source": "NewsChannel 5"
    },
    {
      "name": "Overton",
      "status": "CLOSED",
      "status_detail": "CLOSED REST OF THE WEEK",
      "region": "Middle Tennessee",
      "source": "NewsChannel 5"
    },
    {
      "name": "Perry",
      "status": "CLOSED",
      "status_detail": "CLOSED REST OF THE WEEK",
      "region": "Middle Tennessee",
      "source": "NewsChannel 5"
    },
    {
      "name": "Robertson",
      "status": "CLOSED",
      "status_detail": "CLOSED",
      "region": "Middle Tennessee",
      "source": "NewsChannel 5"
    },
    {
      "name": "Stewart",
      "status": "CLOSED",
      "status_detail": "CLOSED REST OF THE WEEK",
      "region": "Middle Tennessee",
      "source": "NewsChannel 5"
    },
    {
      "name": "St. Patrick",
      "status": "CLOSED",
      "status_detail": "Closed Thursday & Friday",
      "region": "Middle Tennessee",
      "source": "NewsChannel 5"
    },
    {
      "name": "Todd",
      "status": "CLOSED",
      "status_detail": "Closed  NTI Day 9",
      "region": "Other",
      "source": "NewsChannel 5"
    },
    {
      "name": "Alamo City Schools",
      "status": "CLOSED",
      "status_detail": "Closed Through 02/06",
      "region": "West Tennessee",
      "source": "Action News 5"
    },
    {
      "name": "Alcorn School District",
      "status": "CLOSED",
      "status_detail": "Closed Through Friday",
      "region": "Other",
      "source": "Action News 5"
    },
    {
      "name": "Bartlett City Schools",
      "status": "CLOSED",
      "status_detail": "Closed Thursday",
      "region": "West Tennessee",
      "source": "Action News 5"
    },
    {
      "name": "Bells City School",
      "status": "CLOSED",
      "status_detail": "Closed Through 02/06",
      "region": "West Tennessee",
      "source": "Action News 5"
    },
    {
      "name": "Carroll County Schools",
      "status": "CLOSED",
      "status_detail": "Closed Through 02/06",
      "region": "West Tennessee",
      "source": "Action News 5"
    },
    {
      "name": "Collierville School District",
      "status": "CLOSED",
      "status_detail": "Closed Thursday",
      "region": "West Tennessee",
      "source": "Action News 5"
    },
    {
      "name": "Fayette Academy",
      "status": "CLOSED",
      "status_detail": "Closed Thursday",
      "region": "West Tennessee",
      "source": "Action News 5"
    },
    {
      "name": "Fayette County Public Schools",
      "status": "CLOSED",
      "status_detail": "Closed Through 02/06 - Before/After School Activities Canceled",
      "region": "West Tennessee",
      "source": "Action News 5"
    },
    {
      "name": "Germantown Municipal School District",
      "status": "CLOSED",
      "status_detail": "Closed Thursday",
      "region": "West Tennessee",
      "source": "Action News 5"
    },
    {
      "name": "Greater Praise Christian Academy",
      "status": "REMOTE",
      "status_detail": "Virtual Learning Through 02/06",
      "region": "Other",
      "source": "Action News 5"
    },
    {
      "name": "Hardin County Schools",
      "status": "CLOSED",
      "status_detail": "Closed Through Friday 2/6",
      "region": "West Tennessee",
      "source": "Action News 5"
    },
    {
      "name": "Haywood County Schools",
      "status": "CLOSED",
      "status_detail": "Closed Through 02/06 - After-school activities canceled",
      "region": "West Tennessee",
      "source": "Action News 5"
    },
    {
      "name": "Holy Family School",
      "status": "REMOTE",
      "status_detail": "Virtual Learning Through 02/06",
      "region": "Other",
      "source": "Action News 5"
    },
    {
      "name": "Lafayette County School District",
      "status": "CLOSED",
      "status_detail": "Closed Through Sunday 2/8",
      "region": "West Tennessee",
      "source": "Action News 5"
    },
    {
      "name": "Lakeland School System",
      "status": "REMOTE",
      "status_detail": "Virtual Learning Thursday",
      "region": "West Tennessee",
      "source": "Action News 5"
    },
    {
      "name": "McNairy County Schools",
      "status": "CLOSED",
      "status_detail": "Closed Through Friday",
      "region": "West Tennessee",
      "source": "Action News 5"
    },
    {
      "name": "Millington Municipal Schools",
      "status": "CLOSED",
      "status_detail": "Closed Thursday",
      "region": "West Tennessee",
      "source": "Action News 5"
    },
    {
      "name": "Oxford School District",
      "status": "CLOSED",
      "status_detail": "Closed Through 02/07",
      "region": "West Tennessee",
      "source": "Action News 5"
    },
    {
      "name": "South Panola School District",
      "status": "CLOSED",
      "status_detail": "Closed Through 02/06",
      "region": "West Tennessee",
      "source": "Action News 5"
    },
    {
      "name": "Tipton Christian Academy",
      "status": "CLOSED",
      "status_detail": "Closed Thursday",
      "region": "West Tennessee",
      "source": "Action News 5"
    },
    {
      "name": "Tipton County Schools",
      "status": "CLOSED",
      "status_detail": "Closed Thursday",
      "region": "West Tennessee",
      "source": "Action News 5"
    },
    {
      "name": "University of Mississippi",
      "status": "CLOSED",
      "status_detail": "Closed Through Sunday 2/8",
      "region": "West Tennessee",
      "source": "Action News 5"
    },
    {
      "name": "Cocke County Schools",
      "status": "CLOSED",
      "status_detail": "Closed Thursday",
      "region": "East Tennessee",
      "source": "WVLT"
    },
    {
      "name": "Grainger County Schools",
      "status": "CLOSED",
      "status_detail": "Closed Thursday",
      "region": "East Tennessee",
      "source": "WVLT"
    },
    {
      "name": "Greene County Schools",
      "status": "CLOSED",
      "status_detail": "Closed Thursday",
      "region": "East Tennessee",
      "source": "WVLT"
    },
    {
      "name": "Hamblen County Schools",
      "status": "CLOSED",
      "status_detail": "Closed Thursday",
      "region": "East Tennessee",
      "source": "WVLT"
    },
    {
      "name": "Hancock County Schools",
      "status": "CLOSED",
      "status_detail": "Closed Thursday",
      "region": "East Tennessee",
      "source": "WVLT"
    },
    {
      "name": "Hawkins County Schools",
      "status": "CLOSED",
      "status_detail": "Closed Through 02/06 - Closed Thursday, Feb. 5 and Friday, Feb 6",
      "region": "East Tennessee",
      "source": "WVLT"
    },
    {
      "name": "Lenoir City Schools",
      "status": "CLOSED",
      "status_detail": "Closed Thursday",
      "region": "East Tennessee",
      "source": "WVLT"
    },
    {
      "name": "Loudon County Schools",
      "status": "CLOSED",
      "status_detail": "Closed Thursday",
      "region": "East Tennessee",
      "source": "WVLT"
    },
    {
      "name": "Monroe County Schools",
      "status": "CLOSED",
      "status_detail": "Closed Thursday",
      "region": "East Tennessee",
      "source": "WVLT"
    },
    {
      "name": "Overton County Schools",
      "status": "CLOSED",
      "status_detail": "Closed Through 02/06",
      "region": "Middle Tennessee",
      "source": "WVLT"
    },
    {
      "name": "Roane County Schools",
      "status": "CLOSED",
      "status_detail": "Closed Thursday",
      "region": "East Tennessee",
      "source": "WVLT"
    },
    {
      "name": "Rogersville Schools",
      "status": "CLOSED",
      "status_detail": "Closed Through 02/06",
      "region": "Other",
      "source": "WVLT"
    },
    {
      "name": "Sevier County Schools",
      "status": "CLOSED",
      "status_detail": "Closed Thursday",
      "region": "East Tennessee",
      "source": "WVLT"
    },
    {
      "name": "Union County Schools",
      "status": "DELAYED",
      "status_detail": "Opening Late Thursday 2 Hours",
      "region": "East Tennessee",
      "source": "WVLT"
    }
  ]
}